nizam,ceded,vizag,east,west,krishna,guntur,nellore,WW,Devi Sri Prasad,S. Thaman,January,Jagapathi Babu,April,August,Prakash Raj,December,September,Mythri Movie Makers,Sri Venkateswara Creations,March,May,October,Mahesh Babu,Vennela Kishore,Goldmines Telefilms,Nandamuri Balakrishna,Kajal Aggarwal,Anup Rubens,Samantha Ruth Prabhu,Nani,Rajendra Prasad,Naga Chaitanya Akkineni,Pooja Hegde,Shruti Haasan,M.M. Keeravani,Murli Sharma,Gopi Sundar,Keerthy Suresh,Prabhas,February,July,November,Tamannaah Bhatia,Allu Arjun,Vijay Deverakonda,Tanikella Bharani,Sathyaraj,Sithara Entertainments,Chiranjeevi,Sai Dharam Tej,Anupama Parameswaran,Anil Ravipudi,Rashmika Mandanna,Rao Ramesh,N.T. Rama Rao Jr.,Mickey J. Meyer,Ram Charan,Nassar
3.65,1.2,1.1,0.63,0.48,0.76,0.7,0.23,9.68,0,0,False,0,False,False,0,False,False,0,0,True,False,False,0,0,0,0,0,0,0,0,0,0,0,0,0,0,0,0,0,False,False,False,0,0,0,0,0,0,0,0,0,0,0,0,0,0,0,1
12.9,4.2,4.22,2.39,1.98,2.2,2.5,0.98,47.44,0,0,False,0,False,False,0,False,False,0,0,False,False,False,0,0,0,0,0,0,1,0,0,0,0,0,0,0,0,0,0,False,False,False,0,0,0,0,0,0,0,0,1,0,0,0,0,1,0,0
12.54,6.65,4.91,3.43,3.3,2.93,3.89,2.17,47.82,0,0,False,0,True,False,0,False,False,0,0,False,False,False,0,0,0,0,0,0,0,0,0,0,1,0,0,0,0,0,0,False,False,False,0,0,0,0,0,0,1,0,0,0,0,0,0,0,1,0
39.12,10.25,10.6,5.38,4.48,4.66,6.81,2.65,191.2,0,0,False,0,False,False,0,False,False,0,0,False,False,False,0,0,0,0,0,0,0,0,0,0,0,0,0,0,0,0,1,False,False,False,0,0,0,0,0,0,0,0,0,0,0,0,0,0,0,0
10.3,5.25,5.5,4.23,2.74,3.27,5.09,2.25,57.61,0,0,True,0,False,False,0,False,False,0,0,False,False,False,0,0,0,0,0,0,0,0,0,0,0,0,0,0,0,1,0,False,False,False,0,0,0,0,0,0,0,0,0,0,0,0,0,0,0,0
20.0,14.8,6.3,4.1,3.55,3.57,4.8,2.6,70.02,0,1,False,1,False,False,0,True,False,0,0,False,False,False,0,0,0,1,0,0,0,0,0,0,0,0,0,0,0,0,0,False,False,False,0,0,0,0,0,0,0,0,0,0,0,0,0,0,0,0
41.55,19.3,20.21,11.2,9.0,9.5,10.7,4.45,160.93,0,1,True,0,False,False,0,False,False,0,0,False,False,False,0,0,0,0,0,0,0,0,0,0,1,0,0,1,0,0,0,False,False,False,0,1,0,0,0,0,0,0,0,0,0,0,0,0,0,0
2.45,0.55,0.56,0.37,0.28,0.5,0.48,0.22,7.5,0,0,False,0,False,False,0,True,False,0,0,False,False,False,0,0,0,0,0,0,0,0,0,0,0,0,0,0,0,0,0,False,False,False,0,0,0,0,0,0,0,0,0,0,0,0,0,0,0,0
21.0,13.75,8.3,5.55,4.2,4.89,7.85,2.56,89.06,0,1,False,1,False,False,0,False,False,0,0,False,False,True,0,0,0,0,0,0,0,0,0,0,1,0,0,0,0,0,0,False,False,False,0,0,0,0,0,0,0,0,0,0,0,0,1,0,0,0
8.2,2.2,1.54,1.1,0.7,1.14,1.15,0.47,25.05,0,0,False,0,False,True,0,False,False,0,0,False,False,False,0,0,0,0,0,0,0,0,0,0,0,0,0,0,0,0,0,False,False,False,0,0,1,0,0,0,0,0,0,0,0,0,0,0,0,0
43.37,21.68,9.68,8.9,7.11,6.78,9.48,4.24,311.02,0,0,False,0,False,False,0,False,False,0,0,False,True,False,0,0,0,0,0,0,0,0,0,0,0,0,1,0,0,0,1,False,False,False,1,0,0,0,1,0,0,0,0,0,0,0,0,0,0,0
66.6,34.7,26.47,17.05,12.35,14.0,18.02,8.03,813.67,0,0,False,0,False,False,0,False,False,0,0,False,False,False,0,0,0,0,0,0,0,0,0,0,0,0,1,0,0,0,1,False,False,False,0,0,0,0,1,0,0,0,0,0,0,0,0,0,0,0
12.05,4.15,4.4,1.9,1.4,1.58,1.45,1.05,31.43,0,0,False,0,False,False,0,False,False,0,0,False,False,False,0,0,0,0,0,0,0,0,0,0,0,0,0,0,0,0,0,False,True,False,0,0,0,0,0,0,0,0,0,0,0,0,0,0,0,0
6.0,5.7,4.02,3.52,2.45,1.87,2.47,1.55,29.78,0,0,True,0,False,False,0,False,False,0,0,False,False,False,0,0,0,0,0,1,0,0,0,1,0,0,0,0,0,0,0,False,False,False,0,0,0,0,0,0,0,0,0,0,0,0,0,0,0,0
15.6,12.25,5.7,2.87,2.21,2.75,4.27,2.1,58.65,0,1,False,0,False,False,0,False,False,0,0,False,False,True,0,0,0,1,1,0,0,0,0,0,0,0,0,0,0,0,0,False,False,False,0,0,0,0,0,0,0,0,0,1,0,0,0,0,0,0
20.6,10.25,9.15,7.3,4.5,5.85,8.35,2.65,98.25,1,0,False,0,True,False,1,False,False,0,0,False,False,False,1,0,0,0,0,0,0,0,0,0,0,0,0,0,0,0,0,False,False,False,0,0,0,0,0,0,0,0,0,0,0,0,0,0,0,0
32.3,10.5,7.48,5.5,5.2,3.86,5.38,2.58,94.46,0,1,False,0,False,False,0,False,False,0,0,False,False,False,0,0,0,0,0,0,0,0,0,0,0,0,0,0,0,0,0,True,False,False,0,0,0,0,0,1,0,0,0,0,0,0,0,0,0,0
7.6,2.85,2.53,1.42,1.16,1.3,1.57,0.6,23.8,0,0,False,0,False,False,0,False,False,0,0,False,False,False,0,0,0,0,0,0,0,0,0,0,0,0,0,0,0,0,0,True,False,False,0,0,0,0,0,1,0,0,0,0,1,0,0,0,0,0
6.38,2.8,2.84,1.81,2.1,1.49,2.58,1.11,24.53,0,0,False,0,False,True,0,False,False,0,0,False,False,False,0,0,0,0,0,0,0,0,0,0,0,0,0,0,0,1,0,False,False,False,1,0,0,0,0,0,1,0,0,0,0,0,0,0,0,0
11.35,7.05,3.95,1.86,1.44,1.55,2.07,0.88,35.05,0,0,False,0,False,True,0,False,False,0,0,False,False,False,0,1,0,0,0,0,0,0,0,0,0,0,0,0,0,0,0,False,False,False,0,0,0,0,0,0,0,0,0,0,0,0,0,0,0,0
8.91,3.05,2.35,2.62,2.67,1.79,2.93,1.02,35.44,0,0,False,0,False,False,0,False,False,0,0,False,True,False,1,0,0,0,1,0,1,0,0,0,0,0,0,0,0,0,0,False,False,False,0,0,0,0,1,0,0,0,0,0,0,0,0,1,0,0
12.4,5.7,3.4,3.1,2.5,2.25,3.7,1.35,40.4,0,1,True,0,False,False,1,False,False,0,0,False,False,False,1,0,0,0,1,0,0,0,0,0,0,0,0,0,0,0,0,False,False,False,0,0,0,0,0,0,0,0,0,0,0,0,0,0,0,0
4.5,2.15,1.91,1.11,0.8,0.82,0.95,0.51,14.85,1,0,False,0,True,False,0,False,False,1,0,False,False,False,0,1,1,0,0,0,0,0,0,0,0,0,0,0,0,0,0,False,False,False,0,0,0,0,0,0,0,1,0,0,0,0,0,0,0,0
25.85,4.77,4.6,2.21,1.45,2.12,2.45,1.02,63.58,0,0,False,0,False,False,0,False,False,0,0,True,False,False,0,0,0,0,0,0,0,1,0,0,0,0,0,0,0,1,0,False,False,False,0,0,0,0,0,0,0,0,0,0,0,0,0,0,0,0
6.78,1.15,1.68,1.34,0.89,0.77,1.06,0.52,21.44,0,0,False,0,False,False,0,False,False,1,0,False,False,False,0,0,0,0,0,0,0,0,0,0,0,0,0,0,0,0,0,False,True,False,0,0,1,0,0,0,0,0,0,0,1,0,0,0,0,0
46.4,27.1,15.8,7.85,6.31,7.8,10.0,5.3,207.01,0,0,False,0,False,False,0,False,True,0,0,False,False,False,0,0,0,0,0,0,0,0,0,0,0,0,0,0,0,0,0,False,False,False,0,0,0,0,0,0,0,0,0,0,0,0,1,0,0,0
15.65,6.95,4.51,1.9,1.3,1.84,1.75,1.0,40.65,0,0,False,0,False,False,0,True,False,0,0,False,False,False,0,0,0,0,0,0,0,0,0,0,0,0,0,0,0,0,0,False,False,False,0,0,0,1,0,0,0,0,0,0,0,0,0,0,0,0
17.5,7.6,4.4,3.0,2.9,3.05,4.2,1.75,57.0,0,1,False,0,False,False,1,False,True,0,0,False,False,False,1,0,0,0,0,0,1,0,0,0,0,0,0,0,0,0,0,False,False,False,0,0,0,0,0,0,0,0,0,0,0,0,0,0,0,0
20.16,10.3,7.11,4.8,4.02,4.03,5.44,2.35,72.3,1,0,False,0,False,False,0,False,False,0,1,False,False,False,0,0,0,0,0,0,0,0,0,0,1,0,0,0,0,0,0,False,False,False,0,1,0,0,0,0,0,0,0,0,0,1,0,0,0,0
5.2,1.75,1.45,0.9,0.85,1.0,1.1,0.45,16.53,0,0,False,0,False,False,0,False,False,0,0,False,False,False,0,0,0,0,0,0,0,0,0,0,0,0,0,0,0,0,0,False,False,True,0,0,0,1,0,0,0,0,0,0,0,0,0,0,0,0
3.62,0.82,1.11,0.57,0.33,0.66,0.51,0.21,10.3,0,0,False,0,False,True,0,False,False,0,0,False,False,False,0,0,0,0,0,0,0,0,0,0,0,0,0,1,0,0,0,False,False,False,0,0,0,0,0,0,0,0,0,0,0,0,0,0,0,0
22.85,8.8,10.32,7.35,4.28,5.2,5.58,2.05,82.3,1,0,True,0,False,False,1,False,False,0,1,False,False,False,0,1,0,0,0,0,0,0,0,0,0,0,0,0,0,0,0,False,False,False,1,0,0,0,0,0,0,0,0,1,0,0,0,0,0,1
18.15,7.0,6.7,3.6,2.7,2.5,3.3,1.82,55.65,1,0,False,0,False,False,0,False,False,0,1,False,True,False,0,0,1,0,0,0,0,0,1,0,0,0,0,0,0,0,0,False,False,False,1,0,0,0,0,0,0,0,0,1,0,0,0,0,0,0
18.0,4.31,4.6,2.4,1.81,2.25,2.55,1.07,47.77,0,0,False,0,False,False,0,False,False,0,1,False,False,False,0,0,0,0,0,0,0,0,0,0,0,0,0,0,0,0,0,False,True,False,0,0,0,0,0,0,0,0,0,0,0,0,0,0,0,0
19.5,9.3,5.5,3.75,3.43,3.18,4.35,2.05,60.16,1,0,False,0,False,False,0,False,False,0,0,False,True,False,0,0,0,0,0,0,0,0,0,0,0,1,0,0,0,0,0,False,False,False,0,0,0,0,0,0,0,0,0,0,0,0,0,0,0,0
8.5,3.75,2.65,1.5,1.47,1.47,1.7,0.96,25.34,0,0,False,0,False,False,0,False,True,0,0,False,False,False,0,0,1,0,0,0,0,0,0,0,1,0,0,0,0,0,0,False,False,False,0,0,0,0,0,0,0,0,0,0,0,0,0,1,0,0
9.75,7.5,5.1,3.6,3.48,2.92,4.45,1.88,50.89,0,0,True,0,False,False,0,False,False,0,0,False,False,False,0,0,0,1,0,0,0,0,0,0,0,0,0,0,0,0,0,False,False,False,0,0,0,0,0,0,0,0,0,0,0,0,0,0,0,0
19.3,6.75,6.0,4.1,3.15,3.67,3.76,1.65,68.28,0,0,False,0,False,True,0,False,False,0,0,False,False,False,0,0,0,0,0,0,0,0,0,0,0,0,0,0,1,0,0,False,False,False,0,0,1,0,0,0,0,0,0,0,1,0,0,0,0,0
12.95,9.5,6.1,3.85,6.1,3.85,2.4,3.14,2.3,0,1,False,0,False,False,0,False,False,0,0,False,False,True,0,0,0,0,0,0,0,0,0,0,0,0,0,0,0,0,0,False,False,False,0,0,0,0,0,0,1,0,0,0,0,0,0,0,0,0
3.25,0.6,1.05,0.55,0.3,0.68,0.43,0.2,10.34,0,0,False,1,False,True,1,False,False,0,0,False,False,False,0,0,0,0,0,0,0,0,0,0,0,0,0,0,0,0,0,False,False,False,0,0,0,0,0,0,0,0,0,0,0,0,0,0,0,0
23.7,9.3,10.5,7.8,5.08,5.31,7.04,3.09,77.47,0,1,True,0,False,False,0,False,False,0,0,False,False,False,1,0,0,0,0,0,0,0,0,0,0,0,0,0,0,0,0,False,False,False,0,0,0,0,0,1,0,0,0,0,0,0,0,0,0,0
6.6,1.61,2.55,1.56,0.87,1.45,1.35,0.55,18.52,0,0,False,0,False,False,0,False,False,0,0,True,False,False,0,0,0,0,0,0,0,0,0,0,0,0,0,0,0,0,0,False,False,False,0,0,0,0,0,0,0,0,0,0,0,0,0,0,0,1
32.95,12.7,10.6,6.65,4.5,4.12,5.18,2.13,145.98,0,0,True,0,False,False,0,False,False,0,0,False,False,False,0,1,0,0,0,0,0,0,0,0,0,0,0,0,0,0,0,False,False,False,0,0,0,0,0,0,0,0,0,0,0,0,0,0,0,0
4.5,2.15,1.35,0.77,0.7,1.0,1.2,0.54,17.62,0,0,False,1,False,False,0,True,False,0,0,False,False,False,0,0,0,0,0,1,0,0,0,0,0,0,0,0,0,0,0,False,False,False,0,0,0,0,0,0,0,0,0,0,0,0,0,0,0,0
7.6,2.85,2.9,1.42,0.95,1.26,1.55,0.63,20.98,1,0,False,0,False,False,1,False,False,0,1,False,False,True,0,0,0,0,0,0,0,0,0,0,0,0,0,0,0,0,0,False,False,False,0,0,0,0,0,0,0,0,1,0,0,0,0,0,0,0
10.9,1.95,2.05,1.25,0.75,1.35,1.25,0.55,35.55,0,0,False,0,False,False,0,True,False,0,0,False,False,False,0,0,0,0,0,0,0,1,0,0,0,0,0,0,0,0,0,False,False,False,0,0,0,0,0,0,0,0,0,0,0,0,0,0,0,1
4.95,1.0,1.11,0.55,0.34,0.62,0.69,0.35,14.76,0,0,False,0,False,False,0,True,False,0,0,False,False,False,0,0,0,0,0,0,0,0,0,0,0,0,0,0,0,0,0,False,False,False,0,0,0,1,0,0,0,0,0,0,0,1,0,0,0,0
3.35,1.9,1.38,0.7,0.62,0.75,1.06,0.35,11.34,0,0,False,1,False,False,0,False,False,0,0,False,False,True,0,0,0,0,0,1,0,0,0,0,0,0,0,0,0,0,0,False,False,False,0,0,0,1,0,0,0,0,0,0,0,0,0,0,0,0
14.0,5.57,3.85,2.05,1.75,2.05,1.83,1.03,35.31,0,0,False,0,False,False,0,False,False,0,0,False,False,False,0,0,0,0,0,0,0,0,0,0,0,0,0,0,0,0,0,False,True,False,0,0,0,0,0,0,0,0,0,0,0,0,0,0,0,0
15.8,11.6,7.14,5.6,3.7,4.7,6.05,2.4,73.54,1,0,False,0,False,False,0,False,True,0,0,False,False,False,0,0,0,0,0,0,0,0,0,0,0,0,0,0,0,0,0,False,False,False,0,0,0,0,0,0,0,0,0,0,0,0,1,0,0,0
4.36,5.6,3.75,2.55,2.1,1.67,2.5,1.31,27.47,0,0,True,0,False,False,1,False,False,0,0,False,False,False,0,0,0,1,0,0,0,0,0,0,0,0,0,0,0,0,0,False,False,False,0,0,0,0,0,0,0,0,0,0,0,0,0,0,0,0
18.95,11.7,7.41,4.7,4.05,4.41,5.75,2.32,80.05,1,0,False,0,False,False,0,False,True,1,0,False,False,False,0,0,0,0,1,0,1,0,0,0,0,0,0,0,0,0,0,False,False,False,0,0,0,0,0,0,0,0,0,0,0,0,1,0,0,0
11.9,3.05,3.1,1.44,1.27,1.38,1.63,0.65,28.45,0,0,False,0,False,False,0,False,False,0,0,True,False,False,0,0,0,0,0,0,0,0,0,0,0,0,0,0,0,1,0,False,False,False,0,0,0,0,0,0,0,0,0,0,0,0,0,0,0,0
5.49,4.3,3.04,1.68,1.3,1.35,1.72,0.95,21.73,1,0,False,1,False,True,0,False,False,0,0,False,False,False,0,0,0,0,0,0,0,0,0,0,0,0,0,0,0,0,0,False,False,False,0,0,0,0,0,0,0,0,0,0,0,0,0,0,0,0
9.75,2.0,2.7,1.55,1.05,1.58,0.152,0.7,28.25,0,0,False,0,True,False,0,False,False,0,0,False,False,False,0,0,0,0,0,0,0,1,0,0,0,0,0,0,0,0,0,False,False,False,0,0,0,0,1,1,0,0,0,0,0,0,0,0,0,0
76.9,21.4,18.4,10.55,8.05,9.53,9.2,4.72,483.65,0,0,False,0,False,False,0,False,False,0,0,False,False,False,0,0,0,0,0,0,0,0,0,0,0,0,0,0,0,0,1,False,False,False,0,0,0,0,0,0,0,0,0,0,0,0,0,0,0,0
12.2,4.95,4.72,2.32,1.64,2.28,2.44,1.13,56.53,0,0,False,0,False,True,0,False,False,0,0,False,False,False,0,0,0,0,0,0,0,0,0,0,0,0,0,0,0,0,0,False,False,False,0,0,0,0,0,0,0,0,1,0,0,0,0,0,0,0
15.3,8.3,6.25,5.35,4.24,3.7,4.95,2.08,61.69,0,0,False,0,False,False,0,False,False,0,0,True,False,False,0,0,0,0,0,1,0,0,0,0,0,1,0,0,0,0,0,False,False,False,0,0,0,0,0,0,0,0,0,0,0,1,0,0,0,0
19.8,15.3,13.1,8.17,6.05,5.75,7.4,3.45,104.86,1,0,True,0,False,False,0,False,False,0,0,False,False,False,0,0,0,0,1,0,0,0,0,0,0,0,0,0,0,0,0,False,False,False,0,0,0,0,0,0,1,0,0,0,0,0,0,0,0,0
7.45,4.2,2.88,2.09,2.12,1.61,1.91,1.22,25.29,0,0,True,0,False,False,0,False,False,0,0,False,False,False,0,0,0,0,0,0,0,0,0,0,0,1,0,0,0,0,0,False,False,False,0,0,0,0,0,0,0,0,0,0,0,0,0,0,0,0
5.15,1.55,1.45,0.93,0.65,0.92,1.0,0.49,14.49,0,0,False,0,True,False,0,False,False,0,0,False,False,False,0,0,0,0,0,0,0,1,0,0,0,0,0,0,0,0,0,False,False,False,0,0,0,0,0,0,0,0,1,0,0,0,0,0,0,0
3.1,1.12,1.16,0.66,0.35,0.59,0.61,0.29,9.48,0,0,False,0,False,True,0,False,False,0,0,False,False,False,0,0,0,0,0,0,0,0,0,0,0,0,0,0,0,0,0,False,False,False,0,0,0,0,0,0,0,0,0,0,0,0,0,0,0,0
10.2,3.45,1.91,1.35,0.9,1.1,1.29,0.69,26.94,0,0,False,0,False,False,0,False,True,0,0,False,False,False,0,0,0,0,0,0,0,0,0,1,0,0,0,0,0,0,0,False,False,False,0,0,0,0,0,0,0,0,0,0,0,0,0,0,0,0
11.8,2.72,4.0,2.52,1.61,2.38,2.15,0.86,46.1,0,0,False,0,False,False,0,False,False,0,0,False,True,False,0,0,0,0,0,0,1,0,1,0,0,0,0,0,0,1,0,False,False,False,0,0,1,0,0,0,0,0,0,0,0,0,0,1,0,0
6.0,2.56,2.81,1.7,1.1,1.63,1.88,0.59,22.97,0,1,False,0,False,False,0,False,True,0,0,False,False,False,0,1,0,0,0,0,0,0,0,0,0,0,0,0,0,0,0,False,False,False,0,0,0,0,0,0,0,0,0,0,0,0,0,0,0,0
29.0,10.2,11.2,7.3,6.05,5.8,7.7,2.75,101.12,1,0,False,1,False,False,1,False,False,0,1,False,True,False,1,0,0,0,0,0,0,0,0,0,1,0,0,0,0,0,0,False,False,False,0,0,0,0,0,0,0,0,0,0,0,0,0,0,0,0
12.6,4.45,4.8,1.85,1.4,1.83,2.15,0.96,36.25,0,0,False,0,True,False,0,False,False,0,0,False,False,False,0,0,0,0,0,0,1,0,0,0,0,0,0,0,1,0,0,False,False,False,0,0,0,0,0,0,0,0,0,0,0,0,0,0,0,0
4.65,1.57,1.6,1.13,0.88,0.82,0.9,0.4,15.19,0,0,False,0,False,False,0,False,True,0,0,False,False,False,0,0,0,0,0,0,0,1,0,0,0,0,0,0,1,0,0,False,False,False,0,0,0,0,0,0,0,0,0,0,0,0,0,0,0,0
14.22,5.25,2.1,2.45,1.81,2.11,1.26,1.08,39.84,1,0,False,0,False,False,0,True,False,0,1,False,False,False,0,0,0,0,0,0,0,1,0,0,0,0,0,0,0,0,0,False,False,False,0,0,0,0,0,0,0,0,0,0,0,0,0,0,0,0
15.11,7.51,4.2,2.9,2.65,2.75,3.71,1.67,47.7,1,0,False,0,False,False,0,False,False,0,0,False,False,False,0,0,0,0,0,0,0,0,0,0,0,0,0,0,0,0,1,True,False,False,0,0,0,0,1,0,0,0,0,0,0,0,0,0,0,0
5.05,2.75,1.59,0.78,0.63,0.8,1.04,0.58,16.23,0,0,False,0,False,False,0,False,False,0,0,False,False,True,0,0,0,0,0,0,0,0,0,0,1,0,0,1,1,0,0,False,False,False,0,0,0,0,0,0,0,0,0,0,0,0,0,0,0,0
3.19,1.08,1.01,0.56,0.43,0.66,0.92,0.26,10.21,0,1,True,0,False,False,0,False,False,0,0,False,False,False,0,0,1,0,0,0,0,0,0,0,0,0,0,0,0,0,0,False,False,False,0,0,0,0,0,0,0,0,0,0,0,0,0,0,0,0
12.55,6.95,5.3,3.65,2.81,2.65,4.05,1.61,51.44,0,0,False,0,False,False,0,False,False,0,0,False,True,False,0,0,0,0,0,0,0,0,0,0,0,0,0,0,0,0,0,False,False,False,0,1,0,0,0,0,0,0,0,0,0,0,0,0,0,0
11.75,7.95,5.0,3.21,2.76,2.35,2.67,2.04,47.38,0,1,True,0,False,False,0,False,False,0,0,False,False,False,0,0,1,0,1,0,0,0,0,0,0,0,0,0,0,0,0,False,False,False,0,0,0,0,0,0,0,0,0,0,0,0,0,0,1,0
6.6,1.75,2.25,1.33,1.0,1.2,1.24,0.57,22.23,0,0,False,0,False,False,0,False,True,1,0,False,False,False,0,0,0,0,0,0,0,1,0,0,0,0,0,0,0,0,0,False,False,False,0,0,0,0,0,0,0,0,0,0,0,0,0,0,0,0
11.48,6.75,3.89,3.12,2.47,2.38,3.3,1.55,53.59,1,0,True,1,False,False,0,False,False,0,0,False,False,False,0,0,0,0,0,0,0,0,1,0,0,0,0,0,0,0,0,False,False,False,0,0,0,0,0,0,0,0,0,0,0,0,1,0,0,0
8.58,3.09,3.0,1.9,1.0,1.5,1.54,0.58,25.04,0,0,False,0,False,True,0,False,False,0,0,False,False,False,0,0,0,0,1,1,0,0,0,0,0,0,0,0,0,0,0,False,False,False,0,0,0,0,0,0,0,0,0,0,0,0,0,0,0,0
9.55,2.75,3.25,1.8,1.15,1.55,1.5,0.65,28.56,0,0,False,0,False,False,0,False,False,0,0,False,False,False,0,0,0,0,0,0,0,1,0,0,0,0,0,1,1,0,0,False,True,False,0,0,0,1,0,0,0,0,0,0,0,0,0,0,0,0
4.0,1.85,1.8,1.22,1.4,1.4,2.97,0.91,20.61,0,0,True,0,False,False,0,False,False,0,0,False,False,False,0,0,0,1,0,0,0,0,0,0,0,0,1,0,0,0,0,False,False,False,0,0,0,0,0,0,0,0,0,0,0,0,0,0,0,0
5.0,1.65,1.87,0.8,0.7,1.04,0.85,0.4,18.15,0,0,False,0,False,False,0,False,False,0,0,False,False,False,0,0,0,1,0,0,0,0,0,0,0,0,1,0,0,0,0,True,False,False,0,0,0,0,0,0,0,0,0,0,0,0,0,0,0,0
2.9,1.19,0.92,0.58,0.5,0.48,0.76,0.35,10.05,0,0,False,1,False,False,0,False,False,0,0,False,False,False,0,0,0,0,0,0,0,0,0,0,0,0,1,0,0,0,0,True,False,False,0,0,0,0,0,0,0,0,0,0,0,0,0,0,0,0
8.45,3.26,3.03,1.95,1.3,1.73,2.14,0.85,52.3,0,0,False,0,False,False,1,False,False,0,0,True,False,False,0,0,0,0,0,0,0,0,0,0,0,0,0,0,1,0,0,False,False,False,1,0,0,0,0,0,0,0,0,0,0,0,0,0,0,0
2.7,0.7,0.73,0.57,0.3,0.48,0.6,0.31,8.12,0,0,False,0,False,False,0,True,False,0,0,False,False,False,0,0,1,0,0,0,0,0,0,0,0,0,0,1,0,0,0,False,False,False,0,0,0,0,0,0,0,0,0,0,0,0,0,0,0,0
3.95,4.4,1.73,1.37,0.98,1.18,2.2,0.74,18.72,0,0,False,0,False,False,0,False,True,0,0,False,False,False,0,0,0,1,0,1,0,0,0,0,0,0,0,0,0,0,0,False,False,False,0,0,0,0,0,0,0,0,0,0,0,0,0,0,0,0
5.3,0.7,0.75,0.58,0.25,0.9,0.62,0.2,15.73,0,0,False,0,False,False,0,False,False,0,0,False,False,False,0,0,0,0,0,0,0,0,0,0,0,0,0,0,0,0,0,False,True,False,0,0,1,0,0,0,0,0,0,0,0,0,0,0,0,0
11.75,3.77,4.4,2.01,1.53,2.01,1.86,0.9,33.08,0,1,False,0,False,False,0,True,False,0,0,False,False,False,0,0,1,0,0,0,0,0,0,0,0,0,0,0,0,0,0,False,False,False,0,0,0,0,1,0,0,1,0,0,0,1,0,0,0,0
37.9,15.0,7.95,4.7,4.1,4.25,5.35,3.2,186.55,1,0,False,0,False,False,0,True,False,1,0,False,False,False,0,0,0,0,0,0,0,0,0,0,0,0,0,0,0,0,0,False,False,False,0,1,0,0,0,0,0,0,0,0,1,0,0,0,0,0
17.85,8.3,5.11,3.15,2.54,2.47,3.85,1.98,59.35,0,1,False,0,True,False,0,False,False,0,0,False,False,False,0,0,0,0,0,0,0,0,0,0,0,1,0,0,0,0,0,False,False,False,0,1,0,0,0,0,0,0,0,0,0,0,0,0,0,0
11.6,8.25,4.4,2.92,2.46,2.5,3.85,2.05,47.2,0,0,False,0,True,False,0,False,False,0,0,False,False,False,0,0,1,0,0,0,0,0,0,0,0,0,0,0,0,0,0,False,False,False,1,0,0,0,0,0,0,0,0,0,0,0,0,0,1,1
11.35,4.15,3.91,2.09,1.66,1.82,1.9,0.95,31.04,0,0,False,0,False,False,0,False,False,0,1,False,False,True,0,0,0,0,0,0,0,0,0,0,0,0,0,0,0,0,0,False,False,False,0,0,0,0,0,0,0,0,0,1,0,0,0,0,0,0
4.72,2.4,1.7,1.15,0.72,1.16,1.36,0.48,16.67,0,1,False,0,False,False,0,False,False,0,0,False,False,True,0,1,0,0,0,0,1,0,0,0,0,0,0,0,0,0,0,False,False,False,0,0,0,0,0,0,0,0,0,0,0,1,0,0,0,0
4.25,1.7,2.05,0.95,0.7,0.98,0.86,0.36,13.3,0,0,False,0,False,True,0,False,False,0,0,False,False,False,0,0,0,0,0,0,0,0,0,0,0,0,0,0,0,0,0,False,False,False,0,0,0,0,0,0,0,0,1,0,0,0,0,0,0,0
27.6,17.4,13.25,3.2,6.35,7.17,8.5,3.48,122.37,1,0,False,1,False,False,0,False,False,1,0,True,False,False,0,0,0,0,0,0,1,0,0,0,0,0,0,0,0,0,0,False,False,False,0,0,0,0,0,0,0,0,0,0,0,0,0,0,1,0
3.79,1.4,1.24,0.86,0.59,0.53,0.88,0.44,11.19,1,0,False,0,False,False,0,False,False,0,0,True,False,False,0,0,0,0,0,0,0,0,0,0,0,0,0,0,0,1,0,False,False,False,0,0,0,0,0,1,0,0,0,0,0,0,0,0,0,0
9.05,2.85,3.65,2.01,1.32,1.72,1.8,0.68,27.19,1,0,False,1,False,False,0,False,False,0,0,False,True,False,0,1,0,0,0,0,0,0,0,1,0,0,0,0,0,0,0,False,False,False,0,0,0,0,0,0,0,0,0,0,0,0,0,0,0,0
111.65,46.05,35.9,15.95,13.25,14.7,18.15,9.25,616.95,0,0,False,0,False,False,0,False,False,0,0,True,False,False,0,0,0,0,0,0,0,0,0,0,0,0,1,0,0,0,0,False,False,False,0,0,0,0,0,0,0,0,0,0,0,0,1,0,1,0
5.4,1.4,1.6,0.9,0.7,0.7,0.7,0.28,12.83,0,0,False,0,False,False,0,False,False,0,0,False,False,False,0,0,0,0,0,0,0,0,0,0,0,0,0,0,0,0,0,False,True,False,0,0,0,0,0,0,0,0,0,0,0,1,0,0,0,0
2.7,0.86,0.7,0.4,0.27,0.47,0.46,0.24,8.38,0,0,False,0,False,False,0,False,False,0,0,False,False,False,0,0,0,0,0,0,0,0,0,1,0,0,0,0,0,0,0,False,False,True,0,0,0,0,0,0,0,0,0,0,0,0,0,0,0,0
60.95,20.6,14.42,9.16,6.2,6.4,7.95,4.02,306.5,0,0,False,1,False,False,0,True,False,0,0,False,False,False,0,0,0,0,0,0,0,0,0,0,0,1,0,0,0,0,1,False,False,False,0,0,0,0,0,0,0,0,0,0,0,0,0,0,0,0
12.05,8.45,4.35,3.8,3.86,2.96,3.97,1.73,52.2,1,0,False,0,True,False,0,False,False,0,0,False,False,False,0,0,0,0,1,0,0,0,0,0,0,0,0,0,0,0,0,False,False,False,0,0,0,0,0,0,0,0,0,0,0,0,0,0,0,0
34.0,15.3,19.63,10.8,7.5,7.7,10.0,4.05,132.4,1,0,True,0,False,False,1,False,False,0,1,False,False,False,1,0,0,0,0,0,0,0,1,0,0,0,0,0,0,0,0,False,False,False,0,0,0,0,0,0,0,0,0,1,1,0,0,0,0,0
30.35,11.25,12.3,7.85,5.85,5.35,7.19,3.25,103.9,0,1,False,0,False,False,0,False,False,1,0,False,True,False,1,0,0,0,0,0,0,0,0,0,0,0,0,0,0,1,0,False,False,False,0,0,0,0,0,0,0,0,0,0,0,0,0,0,0,0
19.12,10.73,8.05,5.15,4.52,4.08,5.37,2.32,73.37,0,1,False,0,True,False,0,False,False,0,0,False,False,False,0,0,0,0,0,0,0,0,0,0,0,0,0,0,0,0,0,False,False,False,0,1,0,0,0,0,0,0,0,0,0,0,0,0,0,0
2.6,1.2,1.22,0.41,0.4,0.67,0.77,0.34,9.52,0,0,False,0,False,False,0,False,False,1,0,False,False,False,0,0,0,0,0,0,0,0,0,1,0,0,1,0,0,0,0,False,False,True,0,0,0,0,0,0,0,0,0,0,0,0,0,0,0,0
8.85,2.3,1.98,0.95,0.82,0.91,1.2,0.75,22.76,0,0,False,0,False,False,0,True,False,0,0,False,False,False,0,0,0,0,0,0,0,1,0,0,0,0,0,1,0,0,0,False,False,False,0,0,0,0,0,0,0,0,0,0,0,0,0,1,0,0
8.6,2.25,3.6,1.54,1.18,1.8,1.28,0.73,44.08,0,0,False,0,False,True,0,False,False,0,0,False,False,False,0,0,0,0,0,0,0,0,0,0,0,0,0,0,0,0,0,False,False,False,0,0,0,0,0,0,0,0,0,0,1,0,0,0,0,0
12.08,7.13,4.04,4.24,2.36,2.85,4.2,1.93,47.47,0,0,True,0,False,False,0,False,False,0,0,False,False,False,0,0,0,0,0,1,0,0,0,0,0,0,0,0,0,0,0,False,False,False,0,0,0,0,0,0,0,0,0,0,0,0,0,0,0,0
9.1,4.4,4.0,3.8,2.85,2.6,3.58,1.8,62.64,0,0,False,0,False,False,0,False,True,0,0,False,False,False,1,0,0,0,0,0,0,0,0,0,0,0,0,0,0,0,0,False,False,False,0,0,0,0,0,0,0,0,0,0,0,0,0,0,0,0
22.3,9.5,5.63,6.15,4.36,4.37,5.56,2.22,85.1,1,0,False,1,False,True,0,False,False,1,0,False,False,False,1,0,0,0,0,0,0,0,1,0,0,1,0,0,0,0,0,False,False,False,0,0,0,0,0,0,0,0,0,0,0,0,0,0,0,0
5.1,1.4,1.67,0.85,0.55,0.63,0.79,0.33,12.7,0,0,False,0,False,True,1,False,False,0,1,False,False,False,0,0,0,0,0,0,0,0,0,0,0,0,0,0,0,0,0,False,False,False,0,0,0,0,0,0,0,0,0,0,0,0,0,1,0,0
8.45,3.51,2.97,1.85,1.4,1.41,1.97,0.72,25.48,0,0,False,0,False,False,0,False,False,0,1,False,True,False,0,0,0,0,0,0,0,0,1,0,0,0,0,0,0,0,0,False,False,False,0,0,0,0,0,0,0,1,0,1,0,0,0,0,0,0
32.25,18.9,16.3,8.3,6.7,7.57,9.65,4.45,144.7,0,0,False,1,False,False,0,False,False,0,0,False,False,True,0,0,0,0,0,0,0,0,0,0,0,0,0,0,0,0,0,False,False,False,0,0,0,0,0,0,1,0,0,0,0,0,0,0,0,0
22.35,5.0,4.9,2.74,1.68,2.0,2.3,1.27,62.4,0,0,False,0,False,False,0,False,False,0,0,True,False,False,0,0,0,0,0,0,0,0,0,0,0,0,0,1,0,0,0,False,False,False,0,0,0,0,0,1,0,0,1,0,0,0,0,0,0,0
1.5,0.45,0.38,0.22,0.14,0.15,0.4,0.17,5.98,0,0,False,0,True,False,0,False,False,0,0,False,False,False,0,1,0,0,0,0,0,0,0,0,0,0,0,0,1,0,0,False,False,False,0,0,1,0,0,0,0,0,0,0,0,0,0,0,0,0
1.55,0.94,0.48,0.39,0.31,0.35,0.39,0.22,4.88,0,1,False,0,False,True,0,False,False,0,0,False,False,False,0,0,0,0,0,0,0,0,1,0,0,0,0,0,0,0,0,False,False,False,0,0,0,0,0,0,0,1,0,0,0,0,0,0,0,0
14.7,7.9,8.55,5.06,2.8,3.16,2.98,1.85,50.6,1,0,False,0,False,False,0,False,False,1,0,False,False,False,0,0,0,0,0,0,0,0,0,0,0,0,0,0,0,0,0,True,False,False,0,0,0,0,0,0,0,0,0,0,0,0,0,0,0,0
2.2,0.5,0.7,0.36,0.3,0.55,0.4,0.2,9.44,0,0,False,0,False,False,0,False,True,0,0,False,False,False,0,0,0,0,0,0,1,0,0,0,0,0,0,0,0,0,0,False,False,False,0,0,0,0,0,0,0,0,0,0,0,0,0,0,0,0
24.25,12.7,11.55,6.3,7.35,4.65,7.4,3.2,127.2,0,1,False,0,True,False,1,False,False,0,1,False,False,False,0,0,0,0,0,0,0,0,0,0,0,0,0,0,0,0,0,False,False,False,0,0,0,0,0,0,0,0,0,0,0,0,0,0,0,0
17.25,15.2,8.85,5.84,4.25,4.75,7.37,3.08,77.06,0,1,True,0,False,False,0,False,False,1,0,False,False,False,0,0,0,1,0,0,0,0,0,0,0,1,0,0,0,0,0,False,False,False,0,0,0,0,0,0,0,0,0,0,0,0,0,0,0,0
12.83,4.3,4.15,2.42,1.55,1.78,2.23,1.05,35.83,0,0,False,0,False,False,1,True,False,0,0,False,False,False,0,0,0,0,0,0,0,0,0,1,0,0,0,0,0,0,0,False,False,False,0,0,0,0,0,0,0,0,0,0,0,0,0,0,0,1
12.6,11.8,8.3,5.31,4.45,3.73,6.26,2.85,62.53,1,0,True,0,False,False,0,False,False,0,0,False,False,False,0,0,0,0,0,0,0,0,0,0,0,0,0,0,0,0,0,False,False,False,0,0,0,0,0,0,0,0,0,0,0,0,0,0,1,0
15.35,5.35,5.05,2.44,1.74,2.32,2.33,1.15,44.26,0,0,False,0,True,False,0,False,False,0,0,False,False,False,0,0,0,0,0,0,0,0,0,0,0,0,0,0,0,0,0,False,False,False,0,0,0,0,0,0,0,1,0,0,0,0,0,0,0,0
35.8,17.9,19.95,11.15,6.4,7.8,8.85,4.76,136.48,1,0,True,0,False,False,0,False,False,1,0,False,False,False,0,0,0,0,0,0,0,0,0,0,0,1,0,0,0,0,0,False,False,False,0,0,0,0,0,0,1,0,0,0,0,0,0,0,0,0
3.8,2.05,1.46,1.19,0.83,0.79,1.02,0.44,13.08,0,1,False,1,False,False,0,False,False,0,0,False,False,False,0,0,0,0,0,0,0,0,0,0,0,0,0,0,0,0,0,True,False,False,0,0,0,0,0,0,0,1,0,0,0,0,0,0,0,0
5.65,3.22,1.32,0.96,0.82,0.94,1.34,0.74,18.05,0,0,False,0,False,False,0,False,False,0,0,True,False,False,0,0,0,0,0,0,0,0,0,0,0,0,0,0,0,0,0,False,False,False,0,1,0,0,0,0,0,0,0,0,0,0,0,0,0,0
6.23,2.21,3.65,2.14,2.65,2.41,2.06,1.02,22.91,0,0,False,0,True,False,0,False,False,0,0,False,False,False,0,0,1,0,1,0,0,0,0,0,0,0,0,0,0,0,1,False,False,False,0,0,0,0,0,0,0,0,0,0,0,0,0,0,0,0
7.05,7.6,3.47,1.63,1.75,1.98,3.7,1.42,31.2,0,0,False,0,True,False,0,False,False,0,0,False,False,False,0,0,1,1,0,0,0,0,0,0,0,0,0,0,0,0,0,False,False,False,0,0,0,0,0,0,0,0,0,0,0,0,0,0,0,0
3.8,1.5,1.5,0.7,0.5,0.62,0.9,0.38,12.25,0,0,False,0,False,False,0,False,False,0,0,False,False,True,0,0,0,0,0,1,0,0,0,1,1,0,0,0,0,0,0,False,False,False,0,0,0,0,0,0,0,0,0,0,0,0,0,0,0,0
0.4,0.2,0.19,0.12,0.1,0.08,0.1,0.06,1.6,0,0,False,0,False,False,0,False,False,0,0,False,False,False,0,0,0,0,0,0,0,0,0,0,0,0,0,0,0,0,0,False,False,True,0,0,0,0,0,0,0,0,0,0,0,0,0,0,0,0
0.55,0.3,0.3,0.2,0.15,0.15,0.2,0.1,2.3,0,0,False,0,False,False,0,False,False,0,0,False,False,False,0,0,0,0,0,0,0,0,0,0,0,0,0,0,0,0,0,False,False,True,0,0,0,0,0,0,0,0,0,0,0,0,0,0,0,0
1.22,0.49,0.3,0.15,0.1,0.15,0.23,0.12,3.08,0,0,False,0,False,False,0,False,False,0,0,False,False,False,0,1,0,0,0,1,0,0,0,0,0,0,0,0,0,0,0,False,False,True,0,0,0,0,0,0,0,0,0,0,0,0,0,0,0,0
1.5,1.7,1.3,0.6,0.45,0.55,0.6,0.3,7.5,0,0,False,0,False,False,0,False,False,0,0,False,False,True,0,1,0,0,0,0,0,0,1,0,0,0,1,0,0,0,0,False,False,False,0,0,0,1,0,0,0,0,0,0,0,0,0,0,0,0
8.0,1.85,1.9,0.95,0.85,1.15,1.2,0.5,21.55,0,0,False,0,False,False,0,False,False,0,0,False,False,False,0,0,0,0,0,0,0,0,0,0,0,0,0,0,0,0,0,False,False,True,0,0,1,0,0,0,0,0,0,0,0,0,0,0,0,0
6.05,2.5,1.9,1.42,1.28,1.07,1.22,0.68,18.11,1,0,False,0,False,False,0,False,False,0,0,False,True,False,0,0,0,0,0,0,0,0,0,1,0,0,0,0,0,0,0,False,False,False,1,0,0,0,0,0,0,0,0,0,0,0,0,0,0,0
